-- phpMyAdmin SQL Dump
-- version 5.2.1
-- https://www.phpmyadmin.net/
--
-- 主機： localhost
-- 產生時間： 2023-12-27 02:35:25
-- 伺服器版本： 8.0.35
-- PHP 版本： 8.2.12

SET SQL_MODE = "NO_AUTO_VALUE_ON_ZERO";
START TRANSACTION;
SET time_zone = "+00:00";


/*!40101 SET @OLD_CHARACTER_SET_CLIENT=@@CHARACTER_SET_CLIENT */;
/*!40101 SET @OLD_CHARACTER_SET_RESULTS=@@CHARACTER_SET_RESULTS */;
/*!40101 SET @OLD_COLLATION_CONNECTION=@@COLLATION_CONNECTION */;
/*!40101 SET NAMES utf8mb4 */;

--
-- 資料庫： `finaldessert`
--

-- --------------------------------------------------------

--
-- 資料表結構 `comment`
--

CREATE TABLE `comment` (
  `user_ID` varchar(15) CHARACTER SET utf8mb4 COLLATE utf8mb4_0900_ai_ci NOT NULL,
  `shop_ID` varchar(15) CHARACTER SET utf8mb4 COLLATE utf8mb4_0900_ai_ci NOT NULL,
  `com_Date` datetime NOT NULL,
  `com_Content` varchar(500) NOT NULL,
  `com_Rating` int NOT NULL
) ENGINE=InnoDB DEFAULT CHARSET=utf8mb4 COLLATE=utf8mb4_0900_ai_ci;

--
-- 傾印資料表的資料 `comment`
--

INSERT INTO `comment` (`user_ID`, `shop_ID`, `com_Date`, `com_Content`, `com_Rating`) VALUES
('u1101602', 's_01', '2023-12-22 00:00:00', '讚', 4),
('u1101611', 's_01', '2023-12-15 00:00:00', 'ji3jisjoajiod', 5),
('u1101611', 's_03', '2023-12-15 00:00:00', 'fufsoijdiofjoisjfadfadfa', 4),
('u1101611', 's_04', '2023-12-15 00:00:00', '', 2),
('u1101614', 's_04', '2023-12-26 00:00:00', '0000', 4),
('u1101613', 's_11', '2023-12-26 00:00:00', '0000', 4);

-- --------------------------------------------------------

--
-- 資料表結構 `dessert`
--

CREATE TABLE `dessert` (
  `shop_ID` varchar(15) CHARACTER SET utf8mb4 COLLATE utf8mb4_0900_ai_ci NOT NULL,
  `dess_ID` varchar(15) CHARACTER SET utf8mb4 COLLATE utf8mb4_0900_ai_ci NOT NULL,
  `dess_Name` varchar(50) CHARACTER SET utf8mb4 COLLATE utf8mb4_0900_ai_ci NOT NULL,
  `dess_Price` int NOT NULL,
  `desstype_ID` varchar(15) CHARACTER SET utf8mb4 COLLATE utf8mb4_0900_ai_ci DEFAULT NULL
) ENGINE=InnoDB DEFAULT CHARSET=utf8mb4 COLLATE=utf8mb4_0900_ai_ci;

--
-- 傾印資料表的資料 `dessert`
--

INSERT INTO `dessert` (`shop_ID`, `dess_ID`, `dess_Name`, `dess_Price`, `desstype_ID`) VALUES
('s_01', 'd_01', '原味舒芙蕾', 200, 'dt_08'),
('s_02', 'd_01', '聖誕帽', 110, 'dt_01'),
('s_03', 'd_01', '藍莓朱古力', 85, 'dt_14'),
('s_04', 'd_01', '芋泥紫米糕(半台斤)', 120, 'dt_01'),
('s_05', 'd_01', '玫妮布可蛋糕(6吋)', 800, 'dt_04'),
('s_06', 'd_01', '73%巧克力繽紛組合G（73%巧克力+重乳酪）', 440, 'dt_04'),
('s_07', 'd_01', '檸檬老奶奶', 60, 'dt_01'),
('s_08', 'd_01', '芒果塔', 140, 'dt_11'),
('s_09', 'd_01', '草莓小巴', 230, 'dt_01'),
('s_10', 'd_01', '藍莓千層', 190, 'dt_02'),
('s_11', 'd_01', '舒芙蕾生乳酪', 240, 'dt_08'),
('s_12', 'd_01', '草莓塔', 190, 'dt_11'),
('s_13', 'd_01', '芭樂檸檬塔', 130, 'dt_11'),
('s_14', 'd_01', '法式千層酥', 220, 'dt_02'),
('s_15', 'd_01', '彩虹蛋糕', 155, 'dt_04'),
('s_16', 'd_01', '蜂蜜麻吉', 65, 'dt_05'),
('s_17', 'd_01', '仲夏芒果戚風(4\")', 240, 'dt_04'),
('s_18', 'd_01', '檸檬塔', 380, 'dt_11'),
('s_19', 'd_01', '純粹檸檬優格乳酪', 70, 'dt_04'),
('s_20', 'd_01', '抹茶瑪德蓮', 50, 'dt_19'),
('s_21', 'd_01', '夢幻雙莓塔', 140, 'dt_11'),
('s_22', 'd_01', '百香果派', 75, 'dt_15'),
('s_23', 'd_01', '3.5吋焦糖伯爵葡萄', 200, 'dt_04'),
('s_24', 'd_01', '檸檬小塔', 45, 'dt_11'),
('s_25', 'd_01', '天空之塔', 160, 'dt_11'),
('s_26', 'd_01', '索菲烤布蕾', 60, 'dt_13'),
('s_27', 'd_01', '檸檬塔', 95, 'dt_11'),
('s_28', 'd_01', '檸檬糖霜磅蛋糕', 120, 'dt_04'),
('s_29', 'd_01', '新鮮草莓蛋糕(4吋)', 380, 'dt_04'),
('s_30', 'd_01', '抹茶千層', 65, 'dt_02'),
('s_31', 'd_01', '抹茶千層可麗餅', 160, 'dt_16'),
('s_32', 'd_01', '老奶奶香檸蛋糕', 420, 'dt_04'),
('s_33', 'd_01', '藍莓乳酪塔', 90, 'dt_11'),
('s_34', 'd_01', '季節草莓戚風蛋糕', 240, 'dt_04'),
('s_36', 'd_01', '提拉米蘇', 80, 'dt_01'),
('s_37', 'd_01', '1人吃小蛋糕「綠無籽葡萄」', 180, 'dt_04'),
('s_38', 'd_01', '檸檬塔', 150, 'dt_11'),
('s_39', 'd_01', '香橙檸檬派', 90, 'dt_15'),
('s_40', 'd_01', '昭和布丁', 150, 'dt_01'),
('s_41', 'd_01', '乳酪蛋糕', 120, 'dt_04'),
('s_42', 'd_01', '觀音茶戚風', 160, 'dt_04'),
('s_43', 'd_01', '草莓半月燒', 180, 'dt_01'),
('s_44', 'd_01', '繽紛水果蛋糕杯', 130, 'dt_04'),
('s_45', 'd_01', '芒果鮮奶油蛋糕', 200, 'dt_04'),
('s_46', 'd_01', '1974烤起司蛋糕', 380, 'dt_04'),
('s_47', 'd_01', '檸檬塔', 105, 'dt_11'),
('s_48', 'd_01', '艾薇檸檬塔(6吋)', 320, 'dt_11'),
('s_49', 'd_01', '布丁蛋糕', 110, 'dt_04'),
('s_50', 'd_01', '重乳酪蛋糕', 95, 'dt_04'),
('s_01', 'd_02', '可可舒芙蕾', 220, 'dt_08'),
('s_02', 'd_02', '青蘋果', 120, 'dt_01'),
('s_03', 'd_02', '栗子蒙布朗', 95, 'dt_04'),
('s_04', 'd_02', '巴斯克乳酪蛋糕(切片)', 85, 'dt_04'),
('s_05', 'd_02', '靜岡抹茶捲(6吋)', 480, 'dt_06'),
('s_06', 'd_02', '草莓繽紛組合C（草莓＋重乳酪）', 490, 'dt_04'),
('s_07', 'd_02', '歐培拉', 100, 'dt_01'),
('s_08', 'd_02', '焦糖烤布蕾', 50, 'dt_13'),
('s_09', 'd_02', '珍珠奶茶可麗餅', 165, 'dt_16'),
('s_10', 'd_02', '抹茶草莓乳酪', 180, 'dt_04'),
('s_11', 'd_02', '宇治抹茶舒芙蕾鬆餅', 290, 'dt_05'),
('s_12', 'd_02', '下雪了莓', 220, 'dt_01'),
('s_13', 'd_02', '覆盆子檸檬聖多諾黑', 150, 'dt_04'),
('s_14', 'd_02', '聖多諾黑 Saint-Honoré', 220, 'dt_04'),
('s_15', 'd_02', '巧克力波士頓', 125, 'dt_04'),
('s_16', 'd_02', '煉乳麻吉', 55, 'dt_05'),
('s_17', 'd_02', '蜜香紅茶栗子蒙布朗', 230, 'dt_04'),
('s_18', 'd_02', '藍苺塔', 470, 'dt_11'),
('s_19', 'd_02', '純粹玫苺優格乳酪', 70, 'dt_04'),
('s_20', 'd_02', '橙香瑪德蓮', 45, 'dt_19'),
('s_21', 'd_02', '檸檬塔', 110, 'dt_11'),
('s_22', 'd_02', '法式香芋派', 80, 'dt_15'),
('s_23', 'd_02', '4吋草莓香草卡士達戚風', 250, 'dt_04'),
('s_24', 'd_02', '草莓小塔', 80, 'dt_11'),
('s_25', 'd_02', '誠榛桂蜜', 170, 'dt_11'),
('s_26', 'd_02', '花芝牛奶塔(3吋)', 110, 'dt_11'),
('s_27', 'd_02', '草莓塔', 130, 'dt_11'),
('s_28', 'd_02', '巧核布朗尼', 150, 'dt_18'),
('s_29', 'd_02', '藍莓布丁(4吋)', 350, 'dt_20'),
('s_30', 'd_02', '草莓塔', 75, 'dt_11'),
('s_31', 'd_02', '巴伐利亞蛋糕', 180, 'dt_04'),
('s_32', 'd_02', '蜂蜜檸檬蛋糕', 450, 'dt_04'),
('s_33', 'd_02', '櫻桃可可塔', 90, 'dt_11'),
('s_34', 'd_02', '包種茶玫瑰千層 ', 240, 'dt_02'),
('s_36', 'd_02', '坦尚尼亞黑巧克力瑞士捲', 80, 'dt_06'),
('s_37', 'd_02', '綠葡萄水果寶盒手指小蛋糕-4吋', 380, 'dt_04'),
('s_38', 'd_02', '焦糖蘋果塔', 150, 'dt_11'),
('s_39', 'd_02', '金莎巧克力泡芙', 80, 'dt_01'),
('s_40', 'd_02', '查理', 180, 'dt_01'),
('s_41', 'd_02', '焦糖蘋果紅茶捲', 130, 'dt_06'),
('s_42', 'd_02', '杏桃芙蓉', 130, 'dt_04'),
('s_43', 'd_02', '草莓白乳酪杯杯', 290, 'dt_01'),
('s_44', 'd_02', '莓好時光蛋糕杯', 130, 'dt_04'),
('s_45', 'd_02', '香蕉巧克力蛋糕 ', 200, 'dt_04'),
('s_46', 'd_02', '草莓狂想', 220, 'dt_11'),
('s_47', 'd_02', '藍莓塔', 150, 'dt_11'),
('s_48', 'd_02', '古典巧克力', 350, 'dt_04'),
('s_49', 'd_02', '森半焙茶布丁蛋糕', 130, 'dt_04'),
('s_50', 'd_02', '棉花糖肉桂捲', 60, 'dt_21'),
('s_01', 'd_03', '抹茶舒芙蕾', 220, 'dt_08'),
('s_02', 'd_03', '提拉米蘇', 80, 'dt_04'),
('s_03', 'd_03', '藍莓生乳酪', 85, 'dt_04'),
('s_04', 'd_03', '千層蛋糕(單片)', 210, 'dt_02'),
('s_05', 'd_03', '義大利提拉米蘇(6吋)', 780, 'dt_04'),
('s_06', 'd_03', '草莓繽紛組合B（草莓＋73％巧克力）', 490, 'dt_04'),
('s_07', 'd_03', '紫芋藍莓塔', 120, 'dt_11'),
('s_08', 'd_03', '靜岡抹茶塔', 120, 'dt_11'),
('s_09', 'd_03', '無限香草千層派', 190, 'dt_02'),
('s_10', 'd_03', '純芋頭千層', 180, 'dt_02'),
('s_11', 'd_03', '濃情可可舒芙蕾鬆餅', 290, 'dt_05'),
('s_12', 'd_03', '檸檬塔', 180, 'dt_11'),
('s_13', 'd_03', '草莓千層派', 150, 'dt_02'),
('s_14', 'd_03', '可麗露', 70, 'dt_01'),
('s_15', 'd_03', '紅絲絨蛋糕', 165, 'dt_04'),
('s_16', 'd_03', '楓糖麻吉', 60, 'dt_05'),
('s_17', 'd_03', '伯爵綠葡萄小山丘(4\")', 230, 'dt_04'),
('s_18', 'd_03', '白葡萄塔', 510, 'dt_11'),
('s_19', 'd_03', '純粹草莓優格乳酪', 70, 'dt_04'),
('s_20', 'd_03', '可可瑪德蓮', 50, 'dt_19'),
('s_21', 'd_03', '榛果巧克力', 65, 'dt_04'),
('s_22', 'd_03', '柑橘起司派', 80, 'dt_15'),
('s_23', 'd_03', 'OREO莓果巧克力戚風', 250, 'dt_04'),
('s_24', 'd_03', '藍莓小塔', 45, 'dt_11'),
('s_25', 'd_03', '玄武伯爵', 170, 'dt_11'),
('s_26', 'd_03', '巧巧雲朵塔(3吋)', 130, 'dt_11'),
('s_27', 'd_03', '綠葡萄生乳酪', 140, 'dt_04'),
('s_28', 'd_03', '蘋果核桃派(6吋)', 380, 'dt_15'),
('s_29', 'd_03', '黑森林(4吋)', 350, 'dt_04'),
('s_30', 'd_03', '紅玉千層', 65, 'dt_02'),
('s_31', 'd_03', '可可千層可麗餅', 160, 'dt_16'),
('s_32', 'd_03', '藍莓生乳酪', 190, 'dt_04'),
('s_33', 'd_03', '紅茶葡萄戚風', 140, 'dt_04'),
('s_34', 'd_03', 'ORKA水果千層', 230, 'dt_02'),
('s_36', 'd_03', '香草戚風蛋糕', 100, 'dt_04'),
('s_37', 'd_03', '經典檸檬塔', 105, 'dt_11'),
('s_38', 'd_03', '藍莓巴斯克', 160, 'dt_04'),
('s_39', 'd_03', '草莓巧克力', 90, 'dt_04'),
('s_40', 'd_03', '可可奶酒莓果戚風', 950, 'dt_04'),
('s_41', 'd_03', '烏龍茶蛋糕捲', 150, 'dt_06'),
('s_42', 'd_03', '提拉米蘇', 140, 'dt_04'),
('s_43', 'd_03', '草莓達克', 135, 'dt_01'),
('s_44', 'd_03', '可可風情布丁杯', 130, 'dt_20'),
('s_45', 'd_03', '炙烤布蕾', 160, 'dt_13'),
('s_46', 'd_03', '草莓千層', 230, 'dt_02'),
('s_47', 'd_03', '可麗露', 65, 'dt_01'),
('s_48', 'd_03', '香酥蘭姆', 520, 'dt_04'),
('s_49', 'd_03', '法式焦糖烤布丁', 70, 'dt_20'),
('s_50', 'd_03', '檸檬磅蛋糕', 40, 'dt_04'),
('s_01', 'd_04', '芒果舒芙蕾(期間限定)', 240, 'dt_08'),
('s_02', 'd_04', '烤布蕾', 45, 'dt_13'),
('s_03', 'd_04', '蔓越莓生乳酪', 85, 'dt_04'),
('s_04', 'd_04', '提拉米蘇', 340, 'dt_04'),
('s_05', 'd_04', '夏威夷果仁蛋糕(6吋)', 500, 'dt_04'),
('s_06', 'd_04', '草莓繽紛組合E（草莓＋蔓越莓乳酪）', 510, 'dt_04'),
('s_07', 'd_04', '古典巧克力', 70, 'dt_14'),
('s_08', 'd_04', '檸檬塔', 90, 'dt_11'),
('s_09', 'd_04', '抹茶生乳捲', 240, 'dt_06'),
('s_10', 'd_04', '桑葚玫瑰千層', 180, 'dt_02'),
('s_11', 'd_04', '草莓嘉年華舒芙蕾(冬季限定)', 330, 'dt_08'),
('s_12', 'd_04', '夏日起司', 140, 'dt_01'),
('s_13', 'd_04', '我不是黑森林', 120, 'dt_04'),
('s_14', 'd_04', '草莓夏洛特 ', 180, 'dt_01'),
('s_15', 'd_04', '提拉米蘇生乳捲', 125, 'dt_06'),
('s_16', 'd_04', '花生煉乳麻吉', 60, 'dt_05'),
('s_17', 'd_04', '生巧克力覆盆子', 210, 'dt_04'),
('s_18', 'd_04', '黑糖蘋果塔', 530, 'dt_11'),
('s_19', 'd_04', '蜂蜜金桔優格乳酪', 70, 'dt_04'),
('s_20', 'd_04', '橙香檸檬磅蛋糕', 75, 'dt_04'),
('s_21', 'd_04', '草莓布朗尼', 130, 'dt_18'),
('s_22', 'd_04', '甜蜜蘋果派', 70, 'dt_15'),
('s_23', 'd_04', '栗子蒙布朗紅茶戚風', 250, 'dt_04'),
('s_24', 'd_04', '芒果巴斯克派(8吋)', 650, 'dt_15'),
('s_25', 'd_04', '莓在李妳', 140, 'dt_11'),
('s_26', 'd_04', '迷漾檸檬塔(3吋)', 110, 'dt_11'),
('s_27', 'd_04', '藍莓生乳酪', 130, 'dt_04'),
('s_28', 'd_04', '比司吉-黎麥椒鹽', 180, 'dt_01'),
('s_29', 'd_04', '芋泥布丁(4吋)', 350, 'dt_20'),
('s_30', 'd_04', '德式布丁', 45, 'dt_20'),
('s_31', 'd_04', '柑橘千層可麗餅', 170, 'dt_16'),
('s_32', 'd_04', '草莓荔枝生乳酪 ', 200, 'dt_04'),
('s_33', 'd_04', '可可皇冠戚風', 140, 'dt_04'),
('s_34', 'd_04', '粉紅美姬草莓乳酪千層', 250, 'dt_02'),
('s_36', 'd_04', '奶茶泡芙', 60, 'dt_01'),
('s_37', 'd_04', '新鮮草莓塔', 150, 'dt_11'),
('s_38', 'd_04', '提拉米蘇千層蛋糕', 160, 'dt_02'),
('s_39', 'd_04', '芋見你巴斯克', 100, 'dt_04'),
('s_40', 'd_04', '焙茶栗子戚風', 950, 'dt_04'),
('s_41', 'd_04', '原味蛋糕捲', 130, 'dt_06'),
('s_42', 'd_04', '柚子姥姥乳酪蛋糕', 120, 'dt_04'),
('s_43', 'd_04', '草莓遇見泥', 290, 'dt_01'),
('s_44', 'd_04', '草莓鮮果蛋糕塔切片', 130, 'dt_04'),
('s_45', 'd_04', '烏龍芒果蛋糕', 200, 'dt_04'),
('s_46', 'd_04', '草莓泡芙', 200, 'dt_01'),
('s_47', 'd_04', '伯爵茶司康', 60, 'dt_17'),
('s_48', 'd_04', '酸甜百香', 450, 'dt_04'),
('s_49', 'd_04', '熊好奶酪', 50, 'dt_12'),
('s_50', 'd_04', '香蕉肉桂捲', 60, 'dt_21'),
('s_01', 'd_05', '草莓舒芙蕾(期間限定)', 240, 'dt_08'),
('s_02', 'd_05', '濃巧克力', 120, 'dt_14'),
('s_03', 'd_05', '小京都', 85, 'dt_01'),
('s_04', 'd_05', '肉鬆小貝', 155, 'dt_01'),
('s_05', 'd_05', '北海道香橙乳酪(6吋)', 825, 'dt_04'),
('s_06', 'd_05', '6吋聖誕Oreo巧克力蛋糕', 770, 'dt_04'),
('s_07', 'd_05', 'Oreo重乳酪', 80, 'dt_04'),
('s_08', 'd_05', '藍莓塔', 120, 'dt_11'),
('s_09', 'd_05', '紅蘋果', 160, 'dt_01'),
('s_10', 'd_05', '芝麻牛奶千層', 180, 'dt_02'),
('s_11', 'd_05', '蜂蜜果漾舒芙蕾鬆餅', 290, 'dt_05'),
('s_12', 'd_05', '法式藍伯爵', 180, 'dt_01'),
('s_13', 'd_05', '草莓鮮奶油蛋糕', 85, 'dt_04'),
('s_14', 'd_05', '克爾曼之花', 190, 'dt_01'),
('s_15', 'd_05', '原味生乳捲', 110, 'dt_06'),
('s_16', 'd_05', '宇治抹茶麻吉', 60, 'dt_05'),
('s_17', 'd_05', '小山園玄米抹茶戚風', 150, 'dt_04'),
('s_18', 'd_05', '香蕉巧克力塔', 450, 'dt_11'),
('s_19', 'd_05', '純粹百香果優格乳酪', 70, 'dt_04'),
('s_20', 'd_05', '榛果南費雪', 50, 'dt_04'),
('s_21', 'd_05', '狠抹茶莓果生巧克力(四吋)', 350, 'dt_04'),
('s_22', 'd_05', '巧克力香蕉派', 75, 'dt_15'),
('s_23', 'd_05', '紫薯芋泥麻糬千層司康', 70, 'dt_17'),
('s_24', 'd_05', '牡羊人鹹派', 80, 'dt_15'),
('s_25', 'd_05', '純黑73%', 170, 'dt_11'),
('s_26', 'd_05', '小山園抹茶塔(3吋)', 130, 'dt_11'),
('s_27', 'd_05', '檸檬生乳酪', 130, 'dt_04'),
('s_28', 'd_05', '比司吉-原味', 135, 'dt_01'),
('s_29', 'd_05', '櫻桃黑森林(6吋)', 800, 'dt_04'),
('s_30', 'd_05', '覆盆子慕斯', 65, 'dt_07'),
('s_31', 'd_05', '草莓千層可麗餅', 180, 'dt_16'),
('s_32', 'd_05', '雙層水果奶油戚風 ', 160, 'dt_04'),
('s_33', 'd_05', '四葉芒果起士', 120, 'dt_04'),
('s_34', 'd_05', '義式紅芭樂紅烏龍千層', 230, 'dt_02'),
('s_36', 'd_05', '起司舒芙蕾蛋糕', 60, 'dt_04'),
('s_37', 'd_05', '奇異果塔', 130, 'dt_11'),
('s_38', 'd_05', '檸檬戚風蛋糕捲', 150, 'dt_06'),
('s_39', 'd_05', '百香果可爾必思', 80, 'dt_11'),
('s_40', 'd_05', '蜂蜜芒果戚風', 1100, 'dt_04'),
('s_42', 'd_05', 'Kiri乳酪', 130, 'dt_04'),
('s_43', 'd_05', '帶我走提拉米蘇 (6吋)', 750, 'dt_04'),
('s_44', 'd_05', '香橙鮮果蛋糕塔切片', 130, 'dt_04'),
('s_45', 'd_05', '巧克力蛋糕', 210, 'dt_04'),
('s_46', 'd_05', '栗秋', 200, 'dt_04'),
('s_47', 'd_05', '抹茶司康', 90, 'dt_17'),
('s_48', 'd_05', '茶香伯爵', 420, 'dt_04'),
('s_49', 'd_05', '森半抹茶捲', 80, 'dt_06'),
('s_50', 'd_05', '蘋果肉桂捲', 60, 'dt_21'),
('s_01', 'd_06', '乳酪布丁燒', 70, 'dt_20'),
('s_02', 'd_06', '海焦', 110, 'dt_14'),
('s_03', 'd_06', '提拉米蘇', 85, 'dt_04'),
('s_04', 'd_06', '昭和布丁', 55, 'dt_20'),
('s_05', 'd_06', '米蘭生巧克力(6吋)', 350, 'dt_04'),
('s_06', 'd_06', '6吋聖誕草莓鮮奶油蛋糕', 790, 'dt_04'),
('s_07', 'd_06', '法式千層', 110, 'dt_02'),
('s_08', 'd_06', '黑糖栗子蒙布朗', 120, 'dt_04'),
('s_09', 'd_06', '芝麻夏威夷豆塔', 145, 'dt_11'),
('s_10', 'd_06', '黑松露巧克力', 170, 'dt_14'),
('s_11', 'd_06', '繽紛莓果舒芙蕾鬆餅', 290, 'dt_05'),
('s_12', 'd_06', '芒果香堤塔', 190, 'dt_11'),
('s_13', 'd_06', '栗子黑武士', 150, 'dt_04'),
('s_14', 'd_06', '焦糖泡芙', 220, 'dt_01'),
('s_16', 'd_06', '黑糖波霸麻吉', 60, 'dt_05'),
('s_17', 'd_06', '小山園玄米抹茶芋泥戚風', 160, 'dt_04'),
('s_18', 'd_06', '香草草莓塔(季節限定)', 550, 'dt_11'),
('s_19', 'd_06', '香蕉巧克力優格乳酪', 70, 'dt_04'),
('s_20', 'd_06', '海鹽焦糖核桃錫蘭紅茶磅蛋糕', 90, 'dt_04'),
('s_21', 'd_06', '青葡萄香草戚風(四吋)', 350, 'dt_04'),
('s_22', 'd_06', '藍莓起司派', 75, 'dt_15'),
('s_23', 'd_06', '地瓜黑糖麻糬千層司康', 70, 'dt_17'),
('s_24', 'd_06', '香草卡士達草莓派', 95, 'dt_15'),
('s_26', 'd_06', '米歇爾72%生巧克力塔(3吋)', 120, 'dt_11'),
('s_27', 'd_06', '芒果生乳酪', 130, 'dt_04'),
('s_28', 'd_06', '比司吉-香蒜', 165, 'dt_01'),
('s_29', 'd_06', '香蕉核桃巧克力(8吋)', 1000, 'dt_04'),
('s_30', 'd_06', '提拉米蘇', 60, 'dt_04'),
('s_31', 'd_06', '巧克力蛋糕', 180, 'dt_04'),
('s_32', 'd_06', '芋泥布丁塔', 160, 'dt_11'),
('s_33', 'd_06', '夏日芒果塔', 140, 'dt_11'),
('s_34', 'd_06', '伯爵焦糖軟心千層', 230, 'dt_02'),
('s_36', 'd_06', '草莓巧克力蛋糕', 120, 'dt_04'),
('s_37', 'd_06', '綠葡萄塔', 130, 'dt_11'),
('s_38', 'd_06', '法芙娜提拉米蘇', 170, 'dt_04'),
('s_39', 'd_06', '藍莓葡萄派', 90, 'dt_15'),
('s_40', 'd_06', '焙茶草莓(6吋)', 1200, 'dt_04'),
('s_42', 'd_06', '檸檬奶餡芒果生乳捲', 140, 'dt_06'),
('s_43', 'd_06', '小山園茶香抹茶佐柚子塔 (6吋)', 590, 'dt_11'),
('s_44', 'd_06', '歌劇院蛋糕', 130, 'dt_04'),
('s_45', 'd_06', '巧克力藍莓奶酪', 220, 'dt_12'),
('s_46', 'd_06', '水果千層', 205, 'dt_02'),
('s_47', 'd_06', '生巧克力蛋糕杯', 160, 'dt_04'),
('s_48', 'd_06', '經典乳酪', 420, 'dt_04'),
('s_49', 'd_06', '經典原味肉桂捲', 80, 'dt_21'),
('s_50', 'd_06', '香蕉肉桂捲', 60, 'dt_21'),
('s_01', 'd_07', '提拉米蘇', 90, 'dt_04'),
('s_02', 'd_07', '巧慕', 120, 'dt_07'),
('s_03', 'd_07', '抹茶生乳酪', 95, 'dt_04'),
('s_04', 'd_07', '法式檸檬塔', 90, 'dt_11'),
('s_06', 'd_07', '8吋聖誕OREO巧克力蛋糕', 970, 'dt_04'),
('s_07', 'd_07', '檸檬塔', 80, 'dt_11'),
('s_08', 'd_07', '生巧克力塔', 120, 'dt_11'),
('s_09', 'd_07', '秋旬', 165, 'dt_01'),
('s_10', 'd_07', '夢想', 160, 'dt_01'),
('s_11', 'd_07', '耐心《手工千層蛋糕》[Mille Crepes Cake]', 200, 'dt_02'),
('s_12', 'd_07', '原野', 190, 'dt_11'),
('s_16', 'd_07', 'M&M\'s 巧克力', 60, 'dt_05'),
('s_17', 'd_07', '經典芋泥布丁戚風', 140, 'dt_04'),
('s_18', 'd_07', '巧克力草莓塔(季節限定)', 550, 'dt_11'),
('s_19', 'd_07', '原味重乳酪', 70, 'dt_04'),
('s_20', 'd_07', '檸檬鳳梨塔', 140, 'dt_11'),
('s_21', 'd_07', '雙重巧克力(四吋)', 350, 'dt_04'),
('s_22', 'd_07', '咖啡起司派', 75, 'dt_15'),
('s_23', 'd_07', 'OREO巧克力千層司康', 70, 'dt_17'),
('s_24', 'd_07', '生乳酪藍莓派', 110, 'dt_15'),
('s_26', 'd_07', '芒果乳酪塔(3吋)', 120, 'dt_11'),
('s_27', 'd_07', '芝麻戚風', 130, 'dt_04'),
('s_28', 'd_07', '比司吉-香濃起司', 180, 'dt_01'),
('s_29', 'd_07', '愛文芒果布丁(6吋)', 750, 'dt_20'),
('s_30', 'd_07', '草莓千層', 75, 'dt_02'),
('s_31', 'd_07', '覆盆生巧克力', 190, 'dt_14'),
('s_32', 'd_07', '檸檬紅茶方塊', 140, 'dt_01'),
('s_33', 'd_07', '芋泥布丁戚風蛋糕', 140, 'dt_04'),
('s_34', 'd_07', '淡雅茉莉花抹茶千層', 230, 'dt_02'),
('s_36', 'd_07', '草莓鮮奶油蛋糕', 120, 'dt_04'),
('s_38', 'd_07', '芋泥奶凍捲', 170, 'dt_06'),
('s_39', 'd_07', '綠葡萄蛋糕', 80, 'dt_04'),
('s_40', 'd_07', '少女', 200, 'dt_04'),
('s_42', 'd_07', '手作柑橘檸檬塔', 130, 'dt_11'),
('s_43', 'd_07', '茶香栗子乳酪塔 (6吋)', 750, 'dt_11'),
('s_44', 'd_07', '甜心番石榴慕斯蛋糕', 130, 'dt_04'),
('s_45', 'd_07', '檸檬塔', 170, 'dt_11'),
('s_46', 'd_07', '皇家伯爵', 200, 'dt_04'),
('s_47', 'd_07', '焦糖肉桂司康', 85, 'dt_17'),
('s_49', 'd_07', '原味起司蛋糕', 65, 'dt_04'),
('s_50', 'd_07', '愛心型磅蛋糕', 45, 'dt_04'),
('s_01', 'd_08', '檸檬塔', 70, 'dt_11'),
('s_02', 'd_08', '波士頓派', 50, 'dt_04'),
('s_03', 'd_08', '烏龍茶紅豆塔', 95, 'dt_11'),
('s_04', 'd_08', '英式司康', 45, 'dt_17'),
('s_06', 'd_08', '8吋聖誕草莓鮮奶油蛋糕 ', 990, 'dt_04'),
('s_07', 'd_08', '提拉米蘇', 80, 'dt_04'),
('s_09', 'd_08', '可麗露', 60, 'dt_01'),
('s_10', 'd_08', '巧克力脆片千層', 180, 'dt_02'),
('s_11', 'd_08', '《抹茶千層》[Matcha Mille Crepes]', 200, 'dt_02'),
('s_16', 'd_08', 'OREO 巧克力', 65, 'dt_05'),
('s_17', 'd_08', '鹹焦糖花生可可戚風', 140, 'dt_04'),
('s_18', 'd_08', '雙醬草莓塔(季節限定)', 550, 'dt_11'),
('s_19', 'd_08', '抹茶重乳酪', 70, 'dt_04'),
('s_20', 'd_08', '生巧克力榛果塔', 150, 'dt_11'),
('s_21', 'd_08', '巴斯克乳酪燒(六吋)', 700, 'dt_04'),
('s_22', 'd_08', '太妃堅果派', 75, 'dt_15'),
('s_23', 'd_08', '抹茶紅豆麻糬千層司康', 70, 'dt_17'),
('s_24', 'd_08', '肉桂蘋果派', 80, 'dt_15'),
('s_27', 'd_08', '提拉米蘇', 85, 'dt_04'),
('s_28', 'd_08', '司康-抹茶', 180, 'dt_17'),
('s_29', 'd_08', '十勝檸檬(6吋)', 600, 'dt_04'),
('s_30', 'd_08', '酒香可可塔', 70, 'dt_11'),
('s_31', 'd_08', '小蘋果', 190, 'dt_01'),
('s_32', 'd_08', '伯爵蘋果戚風', 140, 'dt_04'),
('s_33', 'd_08', '木瓜戚風蛋糕', 140, 'dt_04'),
('s_34', 'd_08', '綠葡萄四季春茶千層', 230, 'dt_02'),
('s_36', 'd_08', '起士舒芙蕾(6吋)', 330, 'dt_01'),
('s_38', 'd_08', '日式檸檬蛋糕捲', 180, 'dt_06'),
('s_39', 'd_08', '肉桂蘋果派', 120, 'dt_15'),
('s_40', 'd_08', '哈密瓜蜂蜜戚風蛋糕', 200, 'dt_04'),
('s_42', 'd_08', '芋頭生乳捲', 140, 'dt_06'),
('s_43', 'd_08', '巴斯克藍莓派 (6吋)', 590, 'dt_15'),
('s_44', 'd_08', '晴空莓果慕斯蛋糕', 130, 'dt_04'),
('s_45', 'd_08', '提拉米蘇千層', 240, 'dt_02'),
('s_46', 'd_08', '漫舞春天', 200, 'dt_04'),
('s_47', 'd_08', '伯爵葡萄蛋糕杯', 140, 'dt_04'),
('s_49', 'd_08', '抹茶起司蛋糕', 70, 'dt_04'),
('s_50', 'd_08', '芒果肉桂捲', 70, 'dt_21'),
('s_01', 'd_09', '芒果奶酪', 80, 'dt_12'),
('s_02', 'd_09', '草莓塔', 110, 'dt_11'),
('s_03', 'd_09', '香蕉微醺', 85, 'dt_01'),
('s_04', 'd_09', '瑪德蓮', 50, 'dt_19'),
('s_06', 'd_09', '法式聖誕草莓派', 590, 'dt_01'),
('s_07', 'd_09', '草莓奶酪', 60, 'dt_12'),
('s_09', 'd_09', '老奶奶檸檬蛋糕', 60, 'dt_04'),
('s_11', 'd_09', '《檸檬塔》 [Lemon Tart]', 180, 'dt_11'),
('s_16', 'd_09', '繽紛樂巧克力', 65, 'dt_05'),
('s_17', 'd_09', '紅玉奶茶巴斯克乳酪', 140, 'dt_04'),
('s_18', 'd_09', '芒果乳酪塔(季節限定)', 530, 'dt_11'),
('s_19', 'd_09', '芝麻重乳酪', 70, 'dt_04'),
('s_20', 'd_09', '生巧克力莓果塔', 170, 'dt_11'),
('s_21', 'd_09', '草莓抹綠', 120, 'dt_01'),
('s_23', 'd_09', '草莓巧克力千層司康', 70, 'dt_17'),
('s_27', 'd_09', '巴斯克', 110, 'dt_04'),
('s_28', 'd_09', '司康-可可', 180, 'dt_17'),
('s_29', 'd_09', '草莓布朗尼', 80, 'dt_01'),
('s_30', 'd_09', '烏龍千層', 65, 'dt_02'),
('s_31', 'd_09', '心心相印', 150, 'dt_01'),
('s_32', 'd_09', '白葡萄生乳酪', 180, 'dt_04'),
('s_33', 'd_09', '草莓乳酪塔', 100, 'dt_11'),
('s_34', 'd_09', '日式芋泥布蕾千層', 230, 'dt_02'),
('s_36', 'd_09', '伯爵起司蛋糕(6吋)', 550, 'dt_04'),
('s_38', 'd_09', '鮮橙法式慕斯蛋糕', 180, 'dt_04'),
('s_39', 'd_09', '藍梅派', 120, 'dt_15'),
('s_40', 'd_09', '奇遇', 180, 'dt_01'),
('s_42', 'd_09', '芒果百香慕斯蛋糕', 160, 'dt_04'),
('s_43', 'd_09', '檸檬塔佐巧克力巴芮脆片 (6吋)', 590, 'dt_11'),
('s_44', 'd_09', '荔枝蘋果泡芙', 130, 'dt_01'),
('s_45', 'd_09', '黑糖地瓜起司', 190, 'dt_01'),
('s_46', 'd_09', '濃情', 215, 'dt_04'),
('s_47', 'd_09', '肉桂葡萄乾燕麥餅乾', 65, 'dt_01'),
('s_49', 'd_09', '巧克力起司蛋糕', 70, 'dt_04'),
('s_50', 'd_09', '櫻該很芒', 110, 'dt_04'),
('s_01', 'd_10', '藍莓奶酪', 70, 'dt_12'),
('s_02', 'd_10', '起司蛋糕', 130, 'dt_04'),
('s_03', 'd_10', '鮮果蜂蜜生乳', 95, 'dt_01'),
('s_04', 'd_10', '70%苦甜巧克力布朗尼餅乾', 35, 'dt_01'),
('s_06', 'd_10', '聖誕Oreo巧克力', 370, 'dt_04'),
('s_07', 'd_10', '藍莓泡泡', 90, 'dt_01'),
('s_09', 'd_10', '草莓千層派', 200, 'dt_02'),
('s_11', 'd_10', '《小玉西瓜蛋糕》[Watermelon Cake]', 200, 'dt_04'),
('s_16', 'd_10', '樂天小熊列車', 65, 'dt_05'),
('s_17', 'd_10', '藍莓可可布丁戚風', 150, 'dt_04'),
('s_18', 'd_10', '乳酪苺苺塔(季節限定)', 550, 'dt_11'),
('s_19', 'd_10', '巧克力重乳酪', 70, 'dt_04'),
('s_20', 'd_10', '百香果蘋果塔(季節限定)', 145, 'dt_11'),
('s_23', 'd_10', '無花果千層司康', 80, 'dt_17'),
('s_27', 'd_10', '栗子戚風', 160, 'dt_04'),
('s_28', 'd_10', '司康-蔓越莓', 180, 'dt_17'),
('s_29', 'd_10', '黑森林慕斯', 80, 'dt_07'),
('s_30', 'd_10', '抹茶大理石', 65, 'dt_04'),
('s_31', 'd_10', '淋醬提拉', 140, 'dt_04'),
('s_32', 'd_10', '海塩焦糖巧克力戚風', 150, 'dt_04'),
('s_33', 'd_10', '玫瑰荔枝戚風蛋糕', 190, 'dt_04'),
('s_34', 'd_10', '日本娜莉茹卡焙茶抹茶千層', 230, 'dt_02'),
('s_36', 'd_10', '檸檬起司泡芙', 60, 'dt_01'),
('s_38', 'd_10', '提拉米蘇戚風蛋糕', 200, 'dt_04'),
('s_39', 'd_10', '荔枝抹茶派', 100, 'dt_15'),
('s_40', 'd_10', '檸夏', 170, 'dt_04'),
('s_43', 'd_10', '檸檬糖霜蛋糕', 450, 'dt_04'),
('s_44', 'd_10', '法式檸檬塔', 130, 'dt_11'),
('s_45', 'd_10', '芒果杏仁奶油塔', 200, 'dt_11'),
('s_46', 'd_10', '慶祝', 260, 'dt_04'),
('s_50', 'd_10', '明太子肉桂捲', 60, 'dt_21'),
('s_01', 'd_11', '千層蛋糕', 100, 'dt_02'),
('s_02', 'd_11', '藍莓生乳酪', 140, 'dt_04'),
('s_03', 'd_11', '花生布朗尼', 85, 'dt_01'),
('s_04', 'd_11', '費南雪', 50, 'dt_01'),
('s_06', 'd_11', '聖誕瑪格麗特', 460, 'dt_01'),
('s_07', 'd_11', '榛果圓舞曲', 120, 'dt_01'),
('s_11', 'd_11', '太妃的《焦糖榛果千層》[Caramel Mille Crepes]', 200, 'dt_04'),
('s_16', 'd_11', '宇治抹茶紅豆', 65, 'dt_05'),
('s_17', 'd_11', '巧克力水果奶酪戚風', 150, 'dt_04'),
('s_18', 'd_11', '德式乳酪塔', 380, 'dt_11'),
('s_19', 'd_11', '玫瑰紅茶重乳酪', 70, 'dt_04'),
('s_20', 'd_11', '黑森林幕斯', 160, 'dt_07'),
('s_27', 'd_11', '藍莓戚風蛋糕(6吋)', 780, 'dt_04'),
('s_28', 'd_11', '司康-原味', 135, 'dt_17'),
('s_29', 'd_11', '草莓泡芙', 70, 'dt_01'),
('s_30', 'd_11', '鮮葡萄塔', 70, 'dt_11'),
('s_32', 'd_11', '香蕉巧克力塔', 160, 'dt_11'),
('s_33', 'd_11', '芒果鮮奶油戚風蛋糕', 160, 'dt_04'),
('s_34', 'd_11', '太妃焦糖鹽之花千層', 220, 'dt_02'),
('s_40', 'd_11', '落日', 190, 'dt_04'),
('s_43', 'd_11', '茗香-小山園抹茶紅豆蛋糕捲(S號)', 275, 'dt_06'),
('s_50', 'd_11', '堅果口味肉桂捲', 60, 'dt_21'),
('s_01', 'd_12', '巴斯克', 80, 'dt_04'),
('s_02', 'd_12', '磅蛋糕', 30, 'dt_04'),
('s_03', 'd_12', '葡萄加柚生乳酪', 85, 'dt_04'),
('s_11', 'd_12', '《芭拉米蘇》[GuavaMisu]', 180, 'dt_04'),
('s_16', 'd_12', '核桃巧克力', 65, 'dt_05'),
('s_17', 'd_12', '桂花烏龍奶酪戚風', 140, 'dt_04'),
('s_18', 'd_12', '生巧克力塔', 490, 'dt_11'),
('s_19', 'd_12', '法式檸香重乳酪', 70, 'dt_04'),
('s_20', 'd_12', '熱帶雲朵', 150, 'dt_07'),
('s_27', 'd_12', '愛文芒果戚風蛋糕(6吋)', 900, 'dt_04'),
('s_30', 'd_12', '堅果巧克力蛋糕', 70, 'dt_04'),
('s_33', 'd_12', '抹茶芝麻奶凍塔', 90, 'dt_11'),
('s_40', 'd_12', '娜比', 190, 'dt_04'),
('s_43', 'd_12', '招牌-蜂蜜檸檬蛋糕捲(S號)', 225, 'dt_04'),
('s_01', 'd_13', 'Oreo蛋糕', 80, 'dt_04'),
('s_02', 'd_13', '素鹹派', 100, 'dt_15'),
('s_11', 'd_13', '《檸檬塔千層》[Lemon Tart Mille Crepes]', 200, 'dt_02'),
('s_16', 'd_13', '香蕉巧克力', 65, 'dt_05'),
('s_17', 'd_13', '玫瑰無花果戚風', 170, 'dt_04'),
('s_18', 'd_13', '栗子塔', 490, 'dt_11'),
('s_20', 'd_13', '雙層巧克力', 180, 'dt_04'),
('s_30', 'd_13', '蜜柑千層', 75, 'dt_02'),
('s_01', 'd_14', '巧克力蛋糕', 90, 'dt_04'),
('s_02', 'd_14', '草慕', 130, 'dt_07'),
('s_16', 'd_14', '提拉米蘇', 70, 'dt_05'),
('s_17', 'd_14', '玫瑰覆盆子戚風', 150, 'dt_04'),
('s_18', 'd_14', '提拉米蘇塔', 510, 'dt_11'),
('s_20', 'd_14', '生巧焦糖脆片戚風(六吋)', 1180, 'dt_04'),
('s_30', 'd_14', '可可千層', 65, 'dt_02'),
('s_01', 'd_15', '乳酪蛋糕', 70, 'dt_04'),
('s_17', 'd_15', '原味哈密瓜戚風', 160, 'dt_04'),
('s_18', 'd_15', '南瓜親子塔(季節限定)', 450, 'dt_11'),
('s_20', 'd_15', 'test', 120, NULL),
('s_30', 'd_15', '焦糖栗子慕斯', 65, 'dt_07'),
('s_01', 'd_16', '蛋糕捲', 70, 'dt_06'),
('s_17', 'd_16', '焙茶無花果戚風', 170, 'dt_04'),
('s_18', 'd_16', '檸檬糖霜蛋糕', 420, 'dt_04'),
('s_30', 'd_16', '鐵觀音千層', 65, 'dt_02'),
('s_17', 'd_17', '焙茶焦糖脆脆戚風', 160, 'dt_04'),
('s_18', 'd_17', '柚惑巧克力蛋糕', 420, 'dt_04'),
('s_30', 'd_17', '蒙布朗', 70, 'dt_01'),
('s_17', 'd_18', '焦糖雞蛋布丁', 120, 'dt_01'),
('s_18', 'd_18', '蜂蜜生乳捲', 400, 'dt_06'),
('s_18', 'd_19', '草莓生乳捲(季節限定)', 410, 'dt_06');

-- --------------------------------------------------------

--
-- 資料表結構 `desstype`
--

CREATE TABLE `desstype` (
  `desstype_ID` varchar(15) CHARACTER SET utf8mb4 COLLATE utf8mb4_0900_ai_ci NOT NULL,
  `desstype_Name` varchar(50) CHARACTER SET utf8mb4 COLLATE utf8mb4_0900_ai_ci NOT NULL
) ENGINE=InnoDB DEFAULT CHARSET=utf8mb4 COLLATE=utf8mb4_0900_ai_ci;

--
-- 傾印資料表的資料 `desstype`
--

INSERT INTO `desstype` (`desstype_ID`, `desstype_Name`) VALUES
('dt_01', '其他'),
('dt_02', '千層'),
('dt_04', '蛋糕'),
('dt_05', '鬆餅'),
('dt_06', '蛋糕捲'),
('dt_07', '慕斯'),
('dt_08', '舒芙蕾'),
('dt_11', '塔類'),
('dt_12', '奶酪'),
('dt_13', '布蕾'),
('dt_14', '巧克力'),
('dt_15', '派'),
('dt_16', '可麗餅'),
('dt_17', '司康'),
('dt_18', '布朗尼'),
('dt_19', '瑪德蓮'),
('dt_20', '布丁'),
('dt_21', '肉桂捲');

-- --------------------------------------------------------

--
-- 資料表結構 `favorite`
--

CREATE TABLE `favorite` (
  `shop_ID` varchar(15) NOT NULL,
  `user_ID` varchar(15) NOT NULL
) ENGINE=InnoDB DEFAULT CHARSET=utf8mb4 COLLATE=utf8mb4_0900_ai_ci;

--
-- 傾印資料表的資料 `favorite`
--

INSERT INTO `favorite` (`shop_ID`, `user_ID`) VALUES
('s_01', 'u1101601'),
('s_01', 'u1101602'),
('s_01', 'u1101611'),
('s_06', 'u1101602'),
('s_08', 'u1101602'),
('s_10', 'u1101601');

-- --------------------------------------------------------

--
-- 資料表結構 `opentime`
--

CREATE TABLE `opentime` (
  `shop_ID` varchar(15) NOT NULL,
  `shop_OpenWeek` varchar(100) NOT NULL,
  `shop_OpenTime` varchar(100) NOT NULL
) ENGINE=InnoDB DEFAULT CHARSET=utf8mb4 COLLATE=utf8mb4_0900_ai_ci;

--
-- 傾印資料表的資料 `opentime`
--

INSERT INTO `opentime` (`shop_ID`, `shop_OpenWeek`, `shop_OpenTime`) VALUES
('s_01', '星期一', '休息'),
('s_01', '星期三', '下午 2:30 - 下午 10:00'),
('s_01', '星期二', '下午 2:30 - 下午 10:00'),
('s_01', '星期五', '下午 2:30 - 下午 10:00'),
('s_01', '星期六', '下午 2:30 - 下午 10:00'),
('s_01', '星期四', '下午 2:30 - 下午 10:00'),
('s_01', '星期日', '下午 2:30 - 下午 10:00'),
('s_02', '星期一', '下午 12:00 - 下午 08:00'),
('s_02', '星期三', '下午 12:00 - 下午 08:00'),
('s_02', '星期二', '下午 12:00 - 下午 08:00'),
('s_02', '星期五', '下午 12:00 - 下午 08:00'),
('s_02', '星期六', '下午 12:00 - 下午 08:00'),
('s_02', '星期四', '下午 12:00 - 下午 08:00'),
('s_02', '星期日', '下午 12:00 - 下午 08:00'),
('s_03', '星期一', '下午 01:00 - 下午 09:00'),
('s_03', '星期三', '下午 01:00 - 下午 09:00'),
('s_03', '星期二', '下午 01:00 - 下午 09:00'),
('s_03', '星期五', '下午 01:00 - 下午 09:00'),
('s_03', '星期六', '下午 01:00 - 下午 09:00'),
('s_03', '星期四', '下午 01:00 - 下午 09:00'),
('s_03', '星期日', '下午 01:00 - 下午 09:00'),
('s_04', '星期一', '上午 11:00 - 下午 08:00'),
('s_04', '星期三', '上午 11:00 - 下午 08:00'),
('s_04', '星期二', '上午 11:00 - 下午 08:00'),
('s_04', '星期五', '上午 11:00 - 下午 08:00'),
('s_04', '星期六', '上午 11:00 - 下午 08:00'),
('s_04', '星期四', '上午 11:00 - 下午 08:00'),
('s_04', '星期日', '上午 11:00 - 下午 08:00'),
('s_05', '星期一', '上午 11:00 - 下午 10:00'),
('s_05', '星期三', '上午 11:00 - 下午 10:00'),
('s_05', '星期二', '上午 11:00 - 下午 10:00'),
('s_05', '星期五', '上午 11:00 - 下午 10:00'),
('s_05', '星期六', '上午 11:00 - 下午 10:00'),
('s_05', '星期四', '上午 11:00 - 下午 10:00'),
('s_05', '星期日', '上午 11:00 - 下午 10:00'),
('s_06', '星期一', '上午 11:00 - 下午 10:00'),
('s_06', '星期三', '上午 11:00 - 下午 10:00'),
('s_06', '星期二', '上午 11:00 - 下午 10:00'),
('s_06', '星期五', '上午 11:00 - 下午 10:00'),
('s_06', '星期六', '上午 11:00 - 下午 10:00'),
('s_06', '星期四', '上午 11:00 - 下午 10:00'),
('s_06', '星期日', '上午 11:00 - 下午 10:00'),
('s_07', '星期一', '下午 12:00 - 下午 06:00'),
('s_07', '星期三', '下午 12:00 - 下午 06:00'),
('s_07', '星期二', '休息'),
('s_07', '星期五', '下午 12:00 - 下午 06:00'),
('s_07', '星期六', '下午 12:00 - 下午 06:00'),
('s_07', '星期四', '下午 12:00 - 下午 06:00'),
('s_07', '星期日', '下午 12:00 - 下午 06:00'),
('s_08', '星期一', '休息'),
('s_08', '星期三', '下午 02:00 - 下午 06:30'),
('s_08', '星期二', '下午 02:00 - 下午 06:30'),
('s_08', '星期五', '下午 02:00 - 下午 06:30'),
('s_08', '星期六', '下午 02:00 - 下午 06:30'),
('s_08', '星期四', '下午 02:00 - 下午 06:30'),
('s_08', '星期日', '休息'),
('s_09', '星期一', '休息'),
('s_09', '星期三', '上午 11:30 - 下午 08:00'),
('s_09', '星期二', '上午 11:30 - 下午 08:00'),
('s_09', '星期五', '上午 11:30 - 下午 08:00'),
('s_09', '星期六', '上午 11:30 - 下午 08:00'),
('s_09', '星期四', '上午 11:30 - 下午 08:00'),
('s_09', '星期日', '上午 11:30 - 下午 08:00'),
('s_10', '星期一', '下午 02:00 - 下午 08:00'),
('s_10', '星期三', '下午 02:00 - 下午 08:00'),
('s_10', '星期二', '下午 02:00 - 下午 08:00'),
('s_10', '星期五', '下午 02:00 - 下午 08:00'),
('s_10', '星期六', '下午 02:00 - 下午 06:00'),
('s_10', '星期四', '下午 02:00 - 下午 08:00'),
('s_10', '星期日', '下午 02:00 - 下午 06:00'),
('s_11', '星期一', '上午 11:30 - 下午 07:30'),
('s_11', '星期三', '上午 11:30 - 下午 07:30'),
('s_11', '星期二', '上午 11:30 - 下午 07:30'),
('s_11', '星期五', '上午 11:30 - 下午 07:30'),
('s_11', '星期六', '上午 11:30 - 下午 07:30'),
('s_11', '星期四', '上午 11:30 - 下午 07:30'),
('s_11', '星期日', '上午 11:30 - 下午 07:30'),
('s_12', '星期一', '休息'),
('s_12', '星期三', '上午 11:00 - 下午 07:30'),
('s_12', '星期二', '上午 11:00 - 下午 07:30'),
('s_12', '星期五', '上午 11:00 - 下午 07:30'),
('s_12', '星期六', '上午 11:00 - 下午 07:30'),
('s_12', '星期四', '上午 11:00 - 下午 07:30'),
('s_12', '星期日', '上午 11:00 - 下午 07:30'),
('s_13', '休息', '上午 11:00 - 下午 06:00'),
('s_13', '星期一', '上午 11:00 - 下午 06:00'),
('s_13', '星期三', '上午 11:00 - 下午 06:00'),
('s_13', '星期五', '上午 11:00 - 下午 06:00'),
('s_13', '星期六', '上午 11:00 - 下午 06:00'),
('s_13', '星期四', '上午 11:00 - 下午 06:00'),
('s_13', '星期日\r\n', '上午 11:00 - 下午 06:00'),
('s_14', '星期一', '下午 01:00 - 下午 08:00'),
('s_14', '星期三', '下午 01:00 - 下午 08:00'),
('s_14', '星期二', '休息'),
('s_14', '星期五', '下午 01:00 - 下午 08:00'),
('s_14', '星期六', '下午 01:00 - 下午 08:00'),
('s_14', '星期四', '下午 01:00 - 下午 08:00'),
('s_14', '星期日', '下午 01:00 - 下午 08:00\r\n'),
('s_15', '星期一', '上午 11:30 - 下午 08:00'),
('s_15', '星期三', '上午 11:30 - 下午 08:00'),
('s_15', '星期二', '上午 11:30 - 下午 08:00'),
('s_15', '星期五', '上午 11:30 - 下午 08:00'),
('s_15', '星期六', '上午 11:30 - 下午 08:00'),
('s_15', '星期四', '上午 11:30 - 下午 08:00'),
('s_15', '星期日', '休息'),
('s_16', '星期一', '休息'),
('s_16', '星期三', '上午 11:00 - 下午 07:00'),
('s_16', '星期二', '上午 11:00 - 下午 07:00'),
('s_16', '星期五', '上午 11:00 - 下午 07:00'),
('s_16', '星期六', '上午 11:00 - 下午 07:00'),
('s_16', '星期四', '上午 11:00 - 下午 07:00'),
('s_16', '星期日', '上午 11:00 - 下午 07:00'),
('s_17', '星期一', '下午 12:00 - 下午 07:30'),
('s_17', '星期三', '下午 12:00 - 下午 07:30'),
('s_17', '星期二', '下午 12:00 - 下午 07:30'),
('s_17', '星期五', '下午 12:00 - 下午 07:30'),
('s_17', '星期六', '下午 12:00 - 下午 07:30'),
('s_17', '星期四', '下午 12:00 - 下午 07:30'),
('s_17', '星期日', '下午 12:00 - 下午 07:30'),
('s_18', '星期一  ', '上午 11:00 - 下午 06:00'),
('s_18', '星期三', '上午 11:00 - 下午 06:00'),
('s_18', '星期二', '上午 11:00 - 下午 06:00'),
('s_18', '星期五', '上午 11:00 - 下午 06:00'),
('s_18', '星期六', '上午 11:00 - 下午 06:00'),
('s_18', '星期四', '上午 11:00 - 下午 06:00'),
('s_18', '星期日', '上午 11:00 - 下午 06:00'),
('s_19', '星期一', '上午 11:00 - 下午 08:00'),
('s_19', '星期三', '上午 11:00 - 下午 08:00'),
('s_19', '星期二', '上午 11:00 - 下午 08:00'),
('s_19', '星期五', '上午 11:00 - 下午 08:00'),
('s_19', '星期六', '上午 11:00 - 下午 08:00'),
('s_19', '星期四', '上午 11:00 - 下午 08:00'),
('s_19', '星期日', '上午 11:00 - 下午 08:00'),
('s_20', '星期一', '休息'),
('s_20', '星期三', '下午 1:00 - 下午 6:30'),
('s_20', '星期二', '下午 1:00 - 下午 6:30'),
('s_20', '星期五', '下午 1:00 - 下午 6:30'),
('s_20', '星期六', '下午 1:00 - 下午 6:30'),
('s_20', '星期四', '下午 1:00 - 下午 6:30'),
('s_20', '星期日', '休息'),
('s_21', '星期一', '下午 5:30 - 下午 6:30'),
('s_21', '星期三', '下午 3:00 - 下午 6:30'),
('s_21', '星期二', '下午 3:00 - 下午 6:30'),
('s_21', '星期五', '下午 3:00 - 下午 6:30'),
('s_21', '星期六', '上午 10:30 - 上午 11:30'),
('s_21', '星期四', '下午 3:00 - 下午 6:30'),
('s_21', '星期日', '休息'),
('s_22', '星期一', '休息'),
('s_22', '星期三', '上午 11:00 - 下午 8:00'),
('s_22', '星期二', '上午 11:00 - 下午 8:00'),
('s_22', '星期五', '上午 11:00 - 下午 8:00'),
('s_22', '星期六', '上午 11:00 - 下午 8:00'),
('s_22', '星期四', '上午 11:00 - 下午 8:00'),
('s_22', '星期日', '休息'),
('s_23', '星期一', '休息'),
('s_23', '星期三', '上午 11:30 - 下午 6:00'),
('s_23', '星期二', '休息'),
('s_23', '星期五', '上午 11:30 - 下午 6:00'),
('s_23', '星期六', '上午 11:30 - 下午 6:00'),
('s_23', '星期四', '上午 11:30 - 下午 6:00'),
('s_23', '星期日', '上午 11:30 - 下午 6:00'),
('s_24', '星期一', '休息'),
('s_24', '星期三', '下午 2:00 - 下午 8:00'),
('s_24', '星期二', '下午 2:00 - 下午 8:00'),
('s_24', '星期五', '下午 2:00 - 下午 8:00'),
('s_24', '星期六', '下午 2:00 - 下午 8:00'),
('s_24', '星期四', '下午 2:00 - 下午 8:00'),
('s_24', '星期日', '下午 2:00 - 下午 8:00'),
('s_25', '星期一', '下午 12:00 - 下午 6:00'),
('s_25', '星期三', '休息'),
('s_25', '星期二', '休息'),
('s_25', '星期五', '下午 12:00 - 下午 6:00'),
('s_25', '星期六', '下午 12:00 - 下午 6:00'),
('s_25', '星期四', '休息'),
('s_25', '星期日', '下午 12:00 - 下午 6:00'),
('s_26', '星期一', '休息'),
('s_26', '星期三', '下午 12:00 - 下午 8:00'),
('s_26', '星期二', '下午 12:00 - 上午 8:00'),
('s_26', '星期五', '下午 12:00 - 下午 8:00'),
('s_26', '星期六', '下午 12:00 - 下午 8:00'),
('s_26', '星期四', '下午 12:00 - 下午 8:00'),
('s_26', '星期日', '下午 12:00 - 下午 8:00'),
('s_27', '星期一', '上午 9:00 - 下午 6:00'),
('s_27', '星期三', '上午 9:00 - 下午 6:00'),
('s_27', '星期二', '上午 9:00 - 下午 6:00'),
('s_27', '星期五', '上午 9:00 - 下午 6:00'),
('s_27', '星期六', '上午 9:00 - 下午 6:00'),
('s_27', '星期四', '上午 9:00 - 下午 6:00'),
('s_27', '星期日', '上午 9:00 - 下午 6:00'),
('s_28', '星期一', '休息'),
('s_28', '星期三', '上午 10:30 - 下午 6:30'),
('s_28', '星期二', '上午 10:30 - 下午 6:30'),
('s_28', '星期五', '上午 10:30 - 下午 6:30'),
('s_28', '星期六', '上午 10:30 - 下午 6:30'),
('s_28', '星期四', '上午 10:30 - 下午 6:30'),
('s_28', '星期日', '休息'),
('s_29', '星期一', '下午 3:30 - 下午 8:30'),
('s_29', '星期三', '下午 3:30 - 下午 8:30'),
('s_29', '星期二', '休息'),
('s_29', '星期五', '下午 3:30 - 下午 8:30'),
('s_29', '星期六', '下午 3:30 - 下午 8:30'),
('s_29', '星期四', '下午 3:30 - 下午 8:30'),
('s_29', '星期日', '下午 3:30 - 下午 8:30'),
('s_30', '星期一', '休息'),
('s_30', '星期三', '下午 4:30 - 下午 7:30'),
('s_30', '星期二', '休息'),
('s_30', '星期五', '下午 4:30 - 下午 7:30'),
('s_30', '星期六', '下午 4:30 - 下午 7:30'),
('s_30', '星期四', '下午 4:30 - 下午 7:30'),
('s_30', '星期日', '下午 5:30 - 下午 7:30'),
('s_31', '星期一', '休息'),
('s_31', '星期三', '休息'),
('s_31', '星期二', '休息'),
('s_31', '星期五', '休息'),
('s_31', '星期六', '上午 11:00 - 下午 5:00'),
('s_31', '星期四', '休息'),
('s_31', '星期日', '上午 11:00 - 下午 5:00'),
('s_32', '星期一', '上午 11:00 - 下午 8:00'),
('s_32', '星期三', '上午 11:00 - 下午 8:00'),
('s_32', '星期二', '上午 11:00 - 下午 8:00'),
('s_32', '星期五', '上午 11:00 - 下午 8:00'),
('s_32', '星期六', '上午 11:00 - 下午 8:00'),
('s_32', '星期四', '上午 11:00 - 下午 8:00'),
('s_32', '星期日', '上午 11:00 - 下午 8:00'),
('s_33', '星期一', '下午 12:30 - 下午 7:30'),
('s_33', '星期三', '休息'),
('s_33', '星期二', '休息'),
('s_33', '星期五', '下午 12:30 - 下午 7:30'),
('s_33', '星期六', '下午 12:30 - 下午 7:30'),
('s_33', '星期四', '下午 12:30 - 下午 7:30'),
('s_33', '星期日', '下午 12:30 - 下午 7:30'),
('s_34', '星期一', '休息'),
('s_34', '星期三', '休息'),
('s_34', '星期二', '休息'),
('s_34', '星期五', '下午 1:00 - 下午 7:00'),
('s_34', '星期六', '下午 1:00 - 下午 7:00'),
('s_34', '星期四', '休息'),
('s_34', '星期日', '下午 1:00 - 下午 7:00'),
('s_35', '星期一', '上午 11:00 - 下午 7:00'),
('s_35', '星期三', '上午 11:00 - 下午 7:00'),
('s_35', '星期二', '上午 11:00 - 下午 7:00'),
('s_35', '星期五', '上午 11:00 - 下午 7:00'),
('s_35', '星期六', '上午 11:00 - 下午 7:00'),
('s_35', '星期四', '上午 11:00 - 下午 7:00'),
('s_35', '星期日', '上午 11:00 - 下午 7:00'),
('s_36', '星期一', '下午 1:00 - 下午 8:00'),
('s_36', '星期三', '下午 1:00 - 下午 8:00'),
('s_36', '星期二', '下午 1:00 - 下午 8:00'),
('s_36', '星期五', '下午 1:00 - 下午 8:00'),
('s_36', '星期六', '下午 1:00 - 下午 8:00'),
('s_36', '星期四', '下午 1:00 - 下午 8:00'),
('s_36', '星期日', '下午 1:00 - 下午 8:00'),
('s_37', '星期一', '休息'),
('s_37', '星期三', '下午 1:00 - 下午 8:00'),
('s_37', '星期二', '下午 1:00 - 下午 8:00'),
('s_37', '星期五', '下午 1:00 - 下午 8:00'),
('s_37', '星期六', '下午 1:00 - 下午 8:00'),
('s_37', '星期四', '下午 1:00 - 下午 8:00'),
('s_37', '星期日', '下午 1:00 - 下午 8:00'),
('s_38', '星期一', '休息'),
('s_38', '星期三', '休息'),
('s_38', '星期二', '休息'),
('s_38', '星期五', '下午 2:30 - 下午 6:30'),
('s_38', '星期六', '下午 2:30 - 下午 6:30'),
('s_38', '星期四', '下午 2:30 - 下午 6:30'),
('s_38', '星期日', '下午 2:30 - 下午 6:30'),
('s_39', '星期一', '下午 2:00 - 下午 8:00'),
('s_39', '星期三', '休息'),
('s_39', '星期二', '休息'),
('s_39', '星期五', '下午 2:00 - 下午 8:00'),
('s_39', '星期六', '下午 2:00 - 下午 8:00'),
('s_39', '星期四', '下午 2:00 - 下午 8:00'),
('s_39', '星期日', '下午 2:00 - 下午 8:00'),
('s_40', '星期一', '休息'),
('s_40', '星期三', '下午 12:00 - 下午 8:00'),
('s_40', '星期二', '下午 12:00 - 下午 8:00'),
('s_40', '星期五', '下午 12:00 - 下午 8:00'),
('s_40', '星期六', '下午 12:00 - 下午 8:00'),
('s_40', '星期四', '下午 12:00 - 下午 8:00'),
('s_40', '星期日', '下午 12:00 - 下午 8:00'),
('s_41', '星期一', '上午 10:30 - 下午 6:00'),
('s_41', '星期三', '上午 10:30 - 下午 6:00'),
('s_41', '星期二', '休息'),
('s_41', '星期五', '上午 10:30 - 下午 6:00'),
('s_41', '星期六', '上午 10:30 - 下午 6:00'),
('s_41', '星期四', '上午 10:30 - 下午 6:00'),
('s_41', '星期日', '上午 10:30 - 下午 6:00'),
('s_42', '星期一', '上午 10:50 - 下午 8:00'),
('s_42', '星期三', '上午 10:50 - 下午 8:00'),
('s_42', '星期二 ', '上午 10:50 - 下午 8:00'),
('s_42', '星期五', '上午 10:50 - 下午 8:00'),
('s_42', '星期六', '上午 10:50 - 下午 8:00'),
('s_42', '星期四', '休息'),
('s_42', '星期日', '上午 10:50 - 下午 8:00'),
('s_43', '星期一', '上午 9:00 - 下午 8:00'),
('s_43', '星期三', '上午 9:00 - 下午 8:00'),
('s_43', '星期二', '上午 9:00 - 下午 8:00'),
('s_43', '星期五', '上午 9:00 - 下午 8:00'),
('s_43', '星期六', '休息'),
('s_43', '星期四', '上午 9:00 - 下午 8:00'),
('s_43', '星期日', '休息'),
('s_44', '星期一', '上午 9:00 - 下午 5:00'),
('s_44', '星期三', '上午 9:00 - 下午 5:00'),
('s_44', '星期二', '上午 9:00 - 下午 5:00'),
('s_44', '星期五', '上午 9:00 - 下午 5:00'),
('s_44', '星期六', '上午 9:00 - 下午 5:00'),
('s_44', '星期四', '上午 9:00 - 下午 5:00'),
('s_44', '星期日', '上午 9:00 - 下午 5:00'),
('s_45', '星期一', '下午 12:00 - 下午 8:00'),
('s_45', '星期三', '下午 12:00 - 下午 8:00'),
('s_45', '星期二', '休息'),
('s_45', '星期五', '下午 12:00 - 下午 8:00'),
('s_45', '星期六', '下午 12:00 - 下午 8:00'),
('s_45', '星期四', '下午 12:00 - 下午 8:00'),
('s_45', '星期日', '下午 12:00 - 下午 8:00'),
('s_46', '星期一', '上午 11:00 - 下午 8:00'),
('s_46', '星期三', '上午 11:00 - 下午 8:00'),
('s_46', '星期二', '上午 11:00 - 下午 8:00'),
('s_46', '星期五', '上午 11:00 - 下午 8:00'),
('s_46', '星期六', '上午 11:00 - 下午 8:00'),
('s_46', '星期四', '上午 11:00 - 下午 8:00'),
('s_46', '星期日', '上午 11:00 - 下午 8:00'),
('s_47', '星期一', '下午 12:00 - 下午 8:00'),
('s_47', '星期三', '休息'),
('s_47', '星期二', '休息'),
('s_47', '星期五', '下午 12:00 - 下午 8:00'),
('s_47', '星期六', '下午 12:00 - 下午 8:00'),
('s_47', '星期四', '下午 12:00 - 下午 8:00'),
('s_47', '星期日', '下午 12:00 - 下午 8:00'),
('s_48', '星期一', '休息'),
('s_48', '星期三', '休息'),
('s_48', '星期二', '休息'),
('s_48', '星期五', '休息'),
('s_48', '星期六', '休息'),
('s_48', '星期四', '休息'),
('s_48', '星期日', '休息'),
('s_49', '星期一', '休息'),
('s_49', '星期三', '上午 11:00 - 下午 7:00'),
('s_49', '星期二', '休息'),
('s_49', '星期五', '上午 11:00 - 下午 7:00'),
('s_49', '星期六', '上午 11:00 - 下午 7:00'),
('s_49', '星期四', '上午 11:00 - 下午 7:00'),
('s_49', '星期日', '休息'),
('s_50', '星期一', '下午 1:00 - 下午 9:00'),
('s_50', '星期三', '下午 1:00 - 下午 9:00'),
('s_50', '星期二', '下午 1:00 - 下午 9:00'),
('s_50', '星期五', '下午 1:00 - 下午 9:00'),
('s_50', '星期六', '下午 1:00 - 下午 9:00'),
('s_50', '星期四', '下午 1:00 - 下午 9:00'),
('s_50', '星期日', '休息');

-- --------------------------------------------------------

--
-- 資料表結構 `shop`
--

CREATE TABLE `shop` (
  `shop_ID` varchar(15) CHARACTER SET utf8mb4 COLLATE utf8mb4_0900_ai_ci NOT NULL,
  `shop_Name` varchar(100) CHARACTER SET utf8mb4 COLLATE utf8mb4_0900_ai_ci NOT NULL,
  `shop_Phone` varchar(10) CHARACTER SET utf8mb4 COLLATE utf8mb4_0900_ai_ci DEFAULT NULL,
  `shop_Website` varchar(200) CHARACTER SET utf8mb4 COLLATE utf8mb4_0900_ai_ci DEFAULT NULL,
  `shop_IG` varchar(200) CHARACTER SET utf8mb4 COLLATE utf8mb4_0900_ai_ci DEFAULT NULL,
  `shop_FB` varchar(200) CHARACTER SET utf8mb4 COLLATE utf8mb4_0900_ai_ci DEFAULT NULL,
  `shop_Email` varchar(50) CHARACTER SET utf8mb4 COLLATE utf8mb4_0900_ai_ci DEFAULT NULL,
  `shop_Address` varchar(250) NOT NULL,
  `shop_ForHere` tinyint(1) DEFAULT NULL COMMENT '1:內用 0:外帶',
  `shop_Photo` varchar(500) CHARACTER SET utf8mb4 COLLATE utf8mb4_0900_ai_ci DEFAULT NULL
) ENGINE=InnoDB DEFAULT CHARSET=utf8mb4 COLLATE=utf8mb4_0900_ai_ci;

--
-- 傾印資料表的資料 `shop`
--

INSERT INTO `shop` (`shop_ID`, `shop_Name`, `shop_Phone`, `shop_Website`, `shop_IG`, `shop_FB`, `shop_Email`, `shop_Address`, `shop_ForHere`, `shop_Photo`) VALUES
('s_01', '不能吃糖的貓', '034350757', '', 'https://www.instagram.com/suger_love_cat', '', '', '桃園市中壢區興仁路二段303號', 1, '../upload/s_01.jpg'),
('s_02', '哈囉 hello 甜點店', '0966020665', '', '', 'https://hello-dessert-shop.business.site/', 'HelloHello2329@gmail.com', '桃園市八德區中華北街10號', 1, '../upload/s_02.jpg'),
('s_03', '兔子的森林甜點', '0906582402', '', 'https://www.instagram.com/rabbit_dessert_/', 'https://www.facebook.com/RabbitDessert/?locale=zh_TW', '', '桃園市中壢區大仁五街15號', 1, '../upload/s_03.jpg'),
('s_04', '甜點先生', '0928378314', '', 'https://www.instagram.com/mr.sweets_taiwan?fbclid=IwAR25aQRQlIfdzC8dS4MZL_LWSdsZ391L7j7utGEECug9vClOI-7SIBXd2BY', 'https://www.facebook.com/profile.php?id=100076890150974', '', '桃園市中壢區龍岡路三段634號1樓', 0, '../upload/s_04.jpg'),
('s_05', '恬品軒 ROOM 4 DESSERT SOGO中壢店', '034256711', 'https://r4d.com.tw/', '', 'https://www.facebook.com/r4dessert/', 'service@r4-dessert.com', '桃園市中壢區元化路357號 B1', 1, '../upload/s_05.jpg'),
('s_06', '橘村屋 桃園站前站', '033946153', 'https://kmcake.tw/', 'https://www.instagram.com/kmcake_official/', 'https://www.facebook.com/kitsumuraya/?locale=zh_TW', '', '桃園市桃園區中正路43號', 0, '../upload/s_06.jpg'),
('s_07', '微楓甜點', '033797789', '', 'https://www.instagram.com/micromaple_dessert/', 'https://www.facebook.com/micromaple/', '', '桃園市桃園區龍泉六街18號', 1, '../upload/s_07.jpg'),
('s_08', '局外人甜點 中原分店', '0972010734', NULL, 'https://www.instagram.com/outsiders_4/', 'https://www.facebook.com/professional.tarte?locale=zh_TW', 'outsiders.four@gmail.com', '桃園市中壢區大仁二街18之1號', 1, '../upload/s_08.jpg'),
('s_09', '小初心法式甜點', '033783426', NULL, 'https://www.instagram.com/bonheur0122_patisserie/', 'https://www.facebook.com/bonheur327?locale=zh_TW', NULL, '桃園市桃園區國聖一街111號', 1, '../upload/s_09.jpg'),
('s_10', 'MOFA魔法氛子', '034370010', 'www.specialthank.com/shop', 'https://www.instagram.com/love_mofa/', 'https://www.facebook.com/MOFAsLOVE/', NULL, '桃園市中壢區力行北街33號', 1, '../upload/s_10.jpg'),
('s_11', '翻轉甜點 正光總店', '033793668', 'https://www.flipbakery.com.tw/tw/index', 'https://www.instagram.com/flipbakery/', 'https://www.facebook.com/flipbakery/?locale=zh_TW', NULL, '桃園市桃園區正光路71巷6號', 1, '../upload/s_11.jpg'),
('s_12', 'Waiting Patisserie 等等法式甜點', '034528882', NULL, 'https://www.instagram.com/waiting__patisserie/', 'https://www.facebook.com/imwaiting1990/?locale=zh_TW', NULL, '桃園市中壢區環北路195號', 1, '../upload/s_12.jpg'),
('s_13', '卡朵甜點店', '034255840', 'https://dessert-shop-527.business.site/', 'https://www.instagram.com/bmgateau/', NULL, NULL, '桃園市中壢區元化路165巷50號', 1, '../upload/s_13.jpg'),
('s_14', '往往法式甜點店', '034280538', NULL, NULL, 'https://www.facebook.com/ongong.sweets/', NULL, '桃園市中壢區少康一街12號', 1, '../upload/s_14.jpg'),
('s_15', '百姈鳥手作烘焙複合式餐飲', '0926330579', NULL, NULL, 'https://www.facebook.com/profile.php?id=100063648861570', NULL, '桃園市中壢區龍岡路一段99號', 1, '../upload/s_15.jpg'),
('s_16', 'wowffles鬆餅專門店', '033125510', NULL, 'https://www.instagram.com/wowffles_nankan/', 'https://www.facebook.com/people/Wowffles%E9%AC%86%E9%A4%85%E5%B0%88%E9%96%80%E5%BA%97-%E5%8D%97%E5%B4%81/100083121111551/?mibextid=LQQJ4d\r\n', NULL, '桃園市蘆竹區仁愛路一段465-1號', 1, '../upload/s_16.jpg'),
('s_17', '辺間屋梅子', '033012295', NULL, NULL, 'https://www.facebook.com/cafeumeko/', NULL, '桃園市桃園區吉安街149號', 1, '../upload/s_17.jpg'),
('s_18', '吾舍。生活 Woosah-Life', '0961563422', NULL, 'https://www.instagram.com/woosah_life/', 'https://www.facebook.com/woosahlife/', NULL, '桃園市桃園區信光路120號', 1, '../upload/s_18.jpg'),
('s_19', '透明烤箱．Reliable Oven', '034622013', 'https://www.reliableoven.com/', 'https://www.instagram.com/reliableoven_/', 'https://www.facebook.com/reliableoven/', NULL, '桃園市中壢區中山東路一段32號', 1, '../upload/s_19.jpg'),
('s_20', 'MH Pâtisserie 甜點工作室', '0907613722', 'https://www.mhpatisserie.com/', 'https://www.instagram.com/m.h_patisserie/', 'https://www.facebook.com/mhpatisserie/', '', '桃園市平鎮區新光路17巷2弄1號', 1, '../upload/s_20.jpg'),
('s_21', 'Right House甜點工作室', '03402286', '', '', 'https://www.facebook.com/RightHouseCakes?locale=zh_TW', '', '桃園市桃園區桃園市平鎮區忠孝路196號', 0, '../upload/s_21.jpg'),
('s_22', '街角51法式創意手工派', '03491301', '', '', 'https://www.facebook.com/profile.php?id=100093573134010', '', '桃園市平鎮區文化街51號', 1, '../upload/s_22.jpg'),
('s_23', 'SUSUMU 蛋糕 甜點 咖啡', '03433393', 'https://shop.ichefpos.com/store/ShjFLZPC/ordering?fbclid=IwAR2ry0FWIhU-15I7m32Ox_ZoGnfVpj8lg9D66yrxA4HZTgGtg836l4Y1G34', 'https://www.instagram.com/susumu_cake/', 'https://www.facebook.com/profile.php?id=100089068427668', '', '桃園市龍潭區中興路317巷30弄7號', 1, '../upload/s_23.jpg'),
('s_24', '倆隻貓手作點心', '0984204986', '', '', 'https://www.facebook.com/profile.php?id=100083022167788', '', '桃園市龍潭區大同路335號', 1, '../upload/s_24.jpg'),
('s_25', 'Chef Jay Studio', '0928281302', '', 'https://www.instagram.com/chefjaystudio/', '', '', '桃園市楊梅區中山北路一段390巷45弄7號', 1, '../upload/s_25.jpg'),
('s_26', '索菲烤布蕾楊梅店', '0977499678', 'https://linktr.ee/s.cremebrulee', 'https://www.instagram.com/s.cremebrulee/', 'https://www.facebook.com/sophiabrulee?locale=zh_TW', '', '桃園市楊梅區大成路120-6號', 1, '../upload/s_26.jpg'),
('s_27', 'BRICS CAFE', '0965161257', 'https://brics-cafe.business.site/', 'https://www.instagram.com/bricscafe/', 'https://www.facebook.com/BRICSCAFE.TW?locale=zh_TW', '', '桃園市桃園區新屋區永安里永福路686號', 1, '../upload/s_27.jpg'),
('s_28', '微笑媽咪手作烘焙', '', '', 'https://www.instagram.com/smilemom_studio?fbclid=IwAR0zjbSG8nJPSL2ykRd1MJYpcABfAuq7dPhMSTRYjuVK8Vj9HFLWx2sBbbs', 'https://www.facebook.com/profile.php?id=100072553055413', '', '桃園市新屋區中正一街19巷12號', 1, '../upload/s_28.jpg'),
('s_29', '甜點時刻Dessert Time', '0989249879', '', '', 'https://www.facebook.com/desserttime666?locale=zh_TW', '', '桃園市觀音區福祥街120號', 0, '../upload/s_29.jpg'),
('s_30', '樂庭甜點', '0979246038', '', '', 'https://www.facebook.com/profile.php?id=100063919484496&locale=be_BY', '', '桃園市觀音區大觀路二段127號', 0, '../upload/s_30.jpg'),
('s_31', '藤菓子 紫藤園 甜點咖啡下午茶 (藤果子)', '0937101485', '', 'https://www.instagram.com/tengguozi/', 'https://www.facebook.com/tengguozi?locale=zh_TW', '', '桃園市觀音區豐年街21號', 1, '../upload/s_31.jpg'),
('s_32', '日福 OH HAPPY DAY 藝文店', '033259238', 'https://www.ohhappydaynow.com/', 'https://www.instagram.com/ohhappydaynow/', 'https://www.facebook.com/ohhappydaynow/?locale=zh_TW', '', '桃園市桃園區中埔七街7號', 1, '../upload/s_32.jpg'),
('s_33', '阿枝與他的小夥伴＊小枝', '', '', 'https://www.instagram.com/achipartner1314/', 'https://www.facebook.com/achipartner1314/', '', '桃園市龜山區自強東路109號', 1, '../upload/s_33.jpg'),
('s_34', 'Orka Pâtisserie 歐卡法日甜點', '033283889', 'https://orkapatisserie.cashier.ecpay.com.tw/', 'https://www.instagram.com/orka_patisserie/', 'https://www.facebook.com/orka3283889?locale=zh_TW', 'orka3283889@gmail.com', '桃園市龜山區文化二路52巷59號', 1, '../upload/s_34.jpg'),
('s_35', 'Pani_怕尼甜點店', '', '', 'https://www.instagram.com/pani2_pani2/?img_index=1', 'https://www.facebook.com/profile.php?id=100092723311892&locale=bs_BA', '', '桃園市龜山區德明路43號', 1, '../upload/s_35.jpg'),
('s_36', '東先生手作烘焙', '033974666', 'https://www.dong-bakery.com/', 'https://www.instagram.com/max31670/', 'https://www.facebook.com/Mr.Dong.Cake/', '', '桃園市桃園區龜山區文昌一街15巷10號', 1, '../upload/s_36.jpg'),
('s_37', '日光甜點室', '0966382882', 'https://sunlight-dessert.business.site/', 'https://www.instagram.com/rita_wu0903/', 'https://www.facebook.com/isharecake/', 'zoey0903.pw@gmail.com', '桃園市八德區桃園市八德區正福街60號', 1, '../upload/s_37.jpg'),
('s_38', '湳的溫度', '', 'https://nanbread.business.site/', 'https://www.instagram.com/nan_nan_bread?fbclid=IwAR3XzgDmXVZ52LvBM9a4HfScnsvQnVOzAPl3Na2reTRYoATv9V7UcR5HTSM', 'https://www.facebook.com/nannanhandbread/?locale=zh_TW', '', '桃園市八德區城仔街202號', 1, '../upload/s_38.jpg'),
('s_39', '禾平甜點', '', '', 'https://www.instagram.com/peace_of_sweet0301/', 'https://www.facebook.com/profile.php?id=100064742270141', '', '桃園市大溪區康莊路82號', 0, '../upload/s_39.jpg'),
('s_40', '秋旭', '033888020', 'https://www.facebook.com/sun.in.autumn/', 'https://www.instagram.com/sun.in.autumn_/', 'https://www.facebook.com/sun.in.autumn/', '', '桃園市大溪區中山路53號', 1, '../upload/s_40.jpg'),
('s_41', '老成利商號', '033873452', '', '', '', '', '桃園市大溪區和平路95號', 1, '../upload/s_41.jpg'),
('s_42', 'happy paradise coffee', '033872059', '', '', 'https://www.facebook.com/HappyParadiseIllyCafe/?locale=zh_TW', '', '桃園市大溪區中正路41號', 1, '../upload/s_42.jpg'),
('s_43', 'Le Bonheur 樂本甜手作甜點工作室', '0968720780', 'https://www.lebonheurlovecake.com/', 'https://www.instagram.com/le_bonheur_cake/', 'https://www.facebook.com/LeBonheurlovecake/', '', '桃園市大園區三民路一段122巷30號', 0, '../upload/s_43.jpg'),
('s_44', '哈比怪人の甜館', '033936520', '', '', 'https://www.facebook.com/Hobbistein568/', '', '桃園市大園區三民路一段568號', 1, '../upload/s_44.jpg'),
('s_45', '橙夕咖啡Afterglow cafe', '033937696', '', 'https://www.instagram.com/afterglowcafe_tw/', 'https://www.facebook.com/profile.php?id=100091220105338', '', '桃園市大園區漁港路512號4樓', 1, '../upload/s_45.jpg'),
('s_46', 'PINEDE彼內朵南崁店', '033119688', 'https://pinede.com.tw/', '', 'https://www.facebook.com/Pinede.Nankan', '', '桃園市蘆竹區南平街62號1F', 1, '../upload/s_46.jpg'),
('s_47', 'Petit Mate Dessert', '', '', 'https://www.instagram.com/petitmate_dessert/', 'https://www.facebook.com/YCPatisserie2021/', '', '桃園市蘆竹區南崁路196號', 1, '../upload/s_47.jpg'),
('s_48', '艾薇恩蛋糕 ', '0965252060', 'https://www.pinkoi.com/store/elvian-cake', '', 'https://www.facebook.com/Elviancake?locale=zh_TW', '', '桃園市蘆竹區洛陽街107號', 0, '../upload/s_48.jpg'),
('s_49', '一克拉的甜點', '0912515590', '', 'https://www.instagram.com/onecaratdessert/', 'https://www.facebook.com/1ctdessert?locale=zh_TW', '', '桃園市蘆竹區中山路43巷10號', 0, '../upload/s_49.jpg'),
('s_50', 'No.5 你家廚房', '0981009601', '', 'https://www.instagram.com/no.5__cinnamon_rolls/', 'https://www.facebook.com/profile.php?id=100063662786916', '', '桃園市蘆竹區南福街165號', 0, '../upload/s_50.jpg');

-- --------------------------------------------------------

--
-- 資料表結構 `user`
--

CREATE TABLE `user` (
  `user_ID` varchar(15) NOT NULL COMMENT '全部打小寫uXXXXXX',
  `user_NickName` varchar(25) NOT NULL,
  `user_Email` varchar(50) NOT NULL,
  `user_Password` varchar(50) NOT NULL,
  `user_Role` varchar(25) DEFAULT NULL COMMENT '用戶屬性'
) ENGINE=InnoDB DEFAULT CHARSET=utf8mb4 COLLATE=utf8mb4_0900_ai_ci;

--
-- 傾印資料表的資料 `user`
--

INSERT INTO `user` (`user_ID`, `user_NickName`, `user_Email`, `user_Password`, `user_Role`) VALUES
('u1101601', 'jessica', 'jessica@gmail.com', '000000', 'manager'),
('u1101602', 'Ryan', 'Ryan@gmail.com', '123123', NULL),
('u1101603', 'Roy', 'Roy@gmail.com', '777777', NULL),
('u1101604', 'yui', 'yui@gmail.com', '000000', NULL),
('u1101609', 'Yuu', 'Yuu01@gmail.comm', '123456', NULL),
('u1101610', 'Yuu', 'Yuu01@gmail.comm', '123456', NULL),
('u1101611', '1215', '1215@gmail.com', '000000', NULL),
('u1101612', '1220', '1220@gmail.com', '1220', NULL),
('u1101613', '1226', '1226@gmail.com', '000000', NULL),
('u1101614', 'test111', 'test111@gmail.com', '000000', NULL);

-- --------------------------------------------------------

--
-- 資料表結構 `visited`
--

CREATE TABLE `visited` (
  `shop_ID` varchar(15) NOT NULL,
  `user_ID` varchar(15) NOT NULL
) ENGINE=InnoDB DEFAULT CHARSET=utf8mb4 COLLATE=utf8mb4_0900_ai_ci;

--
-- 傾印資料表的資料 `visited`
--

INSERT INTO `visited` (`shop_ID`, `user_ID`) VALUES
('s_01', 'u1101601'),
('s_01', 'u1101602'),
('s_01', 'u1101611'),
('s_04', 'u1101614'),
('s_06', 'u1101602'),
('s_10', 'u1101601'),
('s_10', 'u1101602'),
('s_17', 'u1101602');

--
-- 已傾印資料表的索引
--

--
-- 資料表索引 `comment`
--
ALTER TABLE `comment`
  ADD PRIMARY KEY (`shop_ID`,`user_ID`),
  ADD KEY `user_ID` (`user_ID`),
  ADD KEY `shop_ID` (`shop_ID`);

--
-- 資料表索引 `dessert`
--
ALTER TABLE `dessert`
  ADD PRIMARY KEY (`dess_ID`,`shop_ID`),
  ADD KEY `dessert_shop_ID` (`shop_ID`),
  ADD KEY `dessert_desstype_ID` (`desstype_ID`);

--
-- 資料表索引 `desstype`
--
ALTER TABLE `desstype`
  ADD PRIMARY KEY (`desstype_ID`);

--
-- 資料表索引 `favorite`
--
ALTER TABLE `favorite`
  ADD PRIMARY KEY (`shop_ID`,`user_ID`),
  ADD KEY `shop_ID` (`shop_ID`),
  ADD KEY `favorite_user_ID` (`user_ID`);

--
-- 資料表索引 `opentime`
--
ALTER TABLE `opentime`
  ADD PRIMARY KEY (`shop_ID`,`shop_OpenWeek`),
  ADD KEY `shop_ID` (`shop_ID`) USING BTREE;

--
-- 資料表索引 `shop`
--
ALTER TABLE `shop`
  ADD PRIMARY KEY (`shop_ID`);

--
-- 資料表索引 `user`
--
ALTER TABLE `user`
  ADD PRIMARY KEY (`user_ID`);

--
-- 資料表索引 `visited`
--
ALTER TABLE `visited`
  ADD PRIMARY KEY (`shop_ID`,`user_ID`),
  ADD KEY `shop_ID` (`shop_ID`),
  ADD KEY `user_ID` (`user_ID`);

--
-- 已傾印資料表的限制式
--

--
-- 資料表的限制式 `comment`
--
ALTER TABLE `comment`
  ADD CONSTRAINT `comment_shop_ID` FOREIGN KEY (`shop_ID`) REFERENCES `shop` (`shop_ID`) ON DELETE CASCADE ON UPDATE CASCADE,
  ADD CONSTRAINT `comment_user_ID` FOREIGN KEY (`user_ID`) REFERENCES `user` (`user_ID`) ON DELETE CASCADE ON UPDATE CASCADE;

--
-- 資料表的限制式 `dessert`
--
ALTER TABLE `dessert`
  ADD CONSTRAINT `dessert_desstype_ID` FOREIGN KEY (`desstype_ID`) REFERENCES `desstype` (`desstype_ID`) ON DELETE SET NULL ON UPDATE CASCADE,
  ADD CONSTRAINT `dessert_shop_ID` FOREIGN KEY (`shop_ID`) REFERENCES `shop` (`shop_ID`) ON DELETE CASCADE ON UPDATE CASCADE;

--
-- 資料表的限制式 `favorite`
--
ALTER TABLE `favorite`
  ADD CONSTRAINT `favorite_shop_ID` FOREIGN KEY (`shop_ID`) REFERENCES `shop` (`shop_ID`) ON DELETE CASCADE ON UPDATE CASCADE,
  ADD CONSTRAINT `favorite_user_ID` FOREIGN KEY (`user_ID`) REFERENCES `user` (`user_ID`) ON DELETE CASCADE ON UPDATE CASCADE;

--
-- 資料表的限制式 `opentime`
--
ALTER TABLE `opentime`
  ADD CONSTRAINT `opentime_shop_ID` FOREIGN KEY (`shop_ID`) REFERENCES `shop` (`shop_ID`) ON DELETE CASCADE ON UPDATE CASCADE;

--
-- 資料表的限制式 `visited`
--
ALTER TABLE `visited`
  ADD CONSTRAINT `visited_shop_ID` FOREIGN KEY (`shop_ID`) REFERENCES `shop` (`shop_ID`) ON DELETE CASCADE ON UPDATE CASCADE,
  ADD CONSTRAINT `visited_user_ID` FOREIGN KEY (`user_ID`) REFERENCES `user` (`user_ID`) ON DELETE CASCADE ON UPDATE CASCADE;
COMMIT;

/*!40101 SET CHARACTER_SET_CLIENT=@OLD_CHARACTER_SET_CLIENT */;
/*!40101 SET CHARACTER_SET_RESULTS=@OLD_CHARACTER_SET_RESULTS */;
/*!40101 SET COLLATION_CONNECTION=@OLD_COLLATION_CONNECTION */;
